{"RoadAccidents003_x264": {"duration": 49.43333333333333, "totFrames": 1483, "frameStamp": [[150, 350, 1]]}, "RoadAccidents005_x264": {"duration": 7.466666666666667, "totFrames": 224, "frameStamp": [[86, 150, 1]]}, "RoadAccidents006_x264": {"duration": 56.36666666666667, "totFrames": 1691, "frameStamp": [[98, 150, 1]]}, "RoadAccidents007_x264": {"duration": 36.7, "totFrames": 1101, "frameStamp": [[298, 330, 1]]}, "RoadAccidents008_x264": {"duration": 44.233333333333334, "totFrames": 1327, "frameStamp": [[235, 340, 1]]}, "RoadAccidents013_x264": {"duration": 57.63333333333333, "totFrames": 1729, "frameStamp": [[370, 600, 1]]}, "RoadAccidents014_x264": {"duration": 396.5, "totFrames": 11895, "frameStamp": [[247, 500, 1], [7700, 8500, 1]]}, "RoadAccidents015_x264": {"duration": 44.9, "totFrames": 1347, "frameStamp": [[635, 800, 1]]}, "RoadAccidents018_x264": {"duration": 50.6, "totFrames": 1518, "frameStamp": [[339, 450, 1]]}, "RoadAccidents023_x264": {"duration": 117.0, "totFrames": 3510, "frameStamp": [[1170, 1200, 1]]}, "RoadAccidents024_x264": {"duration": 198.2, "totFrames": 5946, "frameStamp": [[214, 350, 1]]}, "RoadAccidents025_x264": {"duration": 39.63333333333333, "totFrames": 1189, "frameStamp": [[293, 600, 1]]}, "RoadAccidents026_x264": {"duration": 26.066666666666666, "totFrames": 782, "frameStamp": [[70, 180, 1]]}, "RoadAccidents027_x264": {"duration": 3.466666666666667, "totFrames": 104, "frameStamp": [[74, 95, 1]]}, "RoadAccidents028_x264": {"duration": 19.7, "totFrames": 591, "frameStamp": [[190, 360, 1]]}, "RoadAccidents029_x264": {"duration": 17.566666666666666, "totFrames": 527, "frameStamp": [[75, 120, 1]]}, "RoadAccidents030_x264": {"duration": 43.0, "totFrames": 1290, "frameStamp": [[1054, 1165, 1]]}, "RoadAccidents031_x264": {"duration": 72.83333333333333, "totFrames": 2185, "frameStamp": [[43, 150, 1]]}, "RoadAccidents032_x264": {"duration": 75.36666666666666, "totFrames": 2261, "frameStamp": [[337, 400, 1]]}, "RoadAccidents033_x264": {"duration": 19.566666666666666, "totFrames": 587, "frameStamp": [[255, 340, 1]]}, "RoadAccidents034_x264": {"duration": 57.96666666666667, "totFrames": 1739, "frameStamp": [[208, 280, 1]]}, "RoadAccidents035_x264": {"duration": 9.233333333333333, "totFrames": 277, "frameStamp": [[35, 180, 1]]}, "RoadAccidents036_x264": {"duration": 43.833333333333336, "totFrames": 1315, "frameStamp": [[138, 182, 1]]}, "RoadAccidents037_x264": {"duration": 72.96666666666667, "totFrames": 2189, "frameStamp": [[760, 830, 1]]}, "RoadAccidents038_x264": {"duration": 16.966666666666665, "totFrames": 509, "frameStamp": [[90, 250, 1]]}, "RoadAccidents039_x264": {"duration": 12.6, "totFrames": 378, "frameStamp": [[69, 230, 1]]}, "RoadAccidents040_x264": {"duration": 64.86666666666666, "totFrames": 1946, "frameStamp": [[422, 700, 1]]}, "RoadAccidents041_x264": {"duration": 7.966666666666667, "totFrames": 239, "frameStamp": [[1, 125, 1]]}, "RoadAccidents042_x264": {"duration": 30.666666666666668, "totFrames": 920, "frameStamp": [[380, 680, 1]]}, "RoadAccidents043_x264": {"duration": 6.233333333333333, "totFrames": 187, "frameStamp": [[68, 170, 1]]}, "RoadAccidents044_x264": {"duration": 13.133333333333333, "totFrames": 394, "frameStamp": [[85, 150, 1]]}, "RoadAccidents046_x264": {"duration": 22.166666666666668, "totFrames": 665, "frameStamp": [[226, 290, 1]]}, "RoadAccidents047_x264": {"duration": 14.633333333333333, "totFrames": 439, "frameStamp": [[180, 260, 1]]}, "RoadAccidents048_x264": {"duration": 80.96666666666667, "totFrames": 2429, "frameStamp": [[258, 350, 1]]}, "RoadAccidents049_x264": {"duration": 24.433333333333334, "totFrames": 733, "frameStamp": [[371, 500, 1]]}, "RoadAccidents050_x264": {"duration": 36.7, "totFrames": 1101, "frameStamp": [[300, 362, 1]]}, "RoadAccidents051_x264": {"duration": 13.366666666666667, "totFrames": 401, "frameStamp": [[216, 280, 1]]}, "RoadAccidents052_x264": {"duration": 12.066666666666666, "totFrames": 362, "frameStamp": [[135, 210, 1]]}, "RoadAccidents053_x264": {"duration": 22.8, "totFrames": 684, "frameStamp": [[633, 673, 1]]}, "RoadAccidents054_x264": {"duration": 41.766666666666666, "totFrames": 1253, "frameStamp": [[452, 585, 1]]}, "RoadAccidents055_x264": {"duration": 27.9, "totFrames": 837, "frameStamp": [[359, 405, 1]]}, "RoadAccidents056_x264": {"duration": 29.966666666666665, "totFrames": 899, "frameStamp": [[265, 325, 1]]}, "RoadAccidents057_x264": {"duration": 69.43333333333334, "totFrames": 2083, "frameStamp": [[515, 600, 1]]}, "RoadAccidents058_x264": {"duration": 22.466666666666665, "totFrames": 674, "frameStamp": [[287, 312, 1], [347, 420, 1]]}, "RoadAccidents059_x264": {"duration": 63.2, "totFrames": 1896, "frameStamp": [[159, 300, 1]]}, "RoadAccidents060_x264": {"duration": 27.966666666666665, "totFrames": 839, "frameStamp": [[180, 300, 1]]}, "RoadAccidents061_x264": {"duration": 22.1, "totFrames": 663, "frameStamp": [[327, 400, 1]]}, "RoadAccidents062_x264": {"duration": 248.23333333333332, "totFrames": 7447, "frameStamp": [[59, 130, 1], [3122, 3199, 1]]}, "RoadAccidents063_x264": {"duration": 117.2, "totFrames": 3516, "frameStamp": [[1174, 1210, 1]]}, "RoadAccidents064_x264": {"duration": 79.83333333333333, "totFrames": 2395, "frameStamp": [[480, 600, 1]]}, "RoadAccidents065_x264": {"duration": 3.9, "totFrames": 117, "frameStamp": [[68, 108, 1]]}, "RoadAccidents066_x264": {"duration": 53.63333333333333, "totFrames": 1609, "frameStamp": [[204, 274, 1]]}, "RoadAccidents067_x264": {"duration": 40.3, "totFrames": 1209, "frameStamp": [[528, 600, 1]]}, "RoadAccidents068_x264": {"duration": 59.233333333333334, "totFrames": 1777, "frameStamp": [[615, 724, 1]]}, "RoadAccidents069_x264": {"duration": 10.8, "totFrames": 324, "frameStamp": [[112, 200, 1]]}, "RoadAccidents070_x264": {"duration": 20.533333333333335, "totFrames": 616, "frameStamp": [[273, 340, 1]]}, "RoadAccidents071_x264": {"duration": 21.033333333333335, "totFrames": 631, "frameStamp": [[388, 450, 1]]}, "RoadAccidents072_x264": {"duration": 28.633333333333333, "totFrames": 859, "frameStamp": [[593, 625, 1]]}, "RoadAccidents073_x264": {"duration": 18.9, "totFrames": 567, "frameStamp": [[462, 498, 1]]}, "RoadAccidents074_x264": {"duration": 63.833333333333336, "totFrames": 1915, "frameStamp": [[403, 500, 1], [1218, 1280, 1]]}, "RoadAccidents075_x264": {"duration": 10.966666666666667, "totFrames": 329, "frameStamp": [[96, 250, 1]]}, "RoadAccidents076_x264": {"duration": 79.56666666666666, "totFrames": 2387, "frameStamp": [[1268, 1350, 1], [1385, 1430, 1]]}, "RoadAccidents077_x264": {"duration": 55.833333333333336, "totFrames": 1675, "frameStamp": [[680, 760, 1]]}, "RoadAccidents078_x264": {"duration": 223.46666666666667, "totFrames": 6704, "frameStamp": [[1516, 1560, 1]]}, "RoadAccidents079_x264": {"duration": 44.86666666666667, "totFrames": 1346, "frameStamp": [[152, 250, 1]]}, "RoadAccidents080_x264": {"duration": 43.1, "totFrames": 1293, "frameStamp": [[187, 260, 1], [429, 500, 1]]}, "RoadAccidents081_x264": {"duration": 36.2, "totFrames": 1086, "frameStamp": [[479, 600, 1], [810, 900, 1]]}, "RoadAccidents082_x264": {"duration": 45.63333333333333, "totFrames": 1369, "frameStamp": [[603, 680, 1]]}, "RoadAccidents083_x264": {"duration": 39.96666666666667, "totFrames": 1199, "frameStamp": [[300, 350, 1]]}, "RoadAccidents084_x264": {"duration": 29.1, "totFrames": 873, "frameStamp": [[405, 450, 1]]}, "RoadAccidents085_x264": {"duration": 148.3, "totFrames": 4449, "frameStamp": [[435, 550, 1]]}, "RoadAccidents086_x264": {"duration": 30.0, "totFrames": 900, "frameStamp": [[210, 250, 1]]}, "RoadAccidents087_x264": {"duration": 142.0, "totFrames": 4260, "frameStamp": [[1175, 1300, 1]]}, "RoadAccidents088_x264": {"duration": 47.43333333333333, "totFrames": 1423, "frameStamp": [[175, 300, 1]]}, "RoadAccidents089_x264": {"duration": 36.93333333333333, "totFrames": 1108, "frameStamp": [[420, 620, 1]]}, "RoadAccidents090_x264": {"duration": 59.63333333333333, "totFrames": 1789, "frameStamp": [[255, 320, 1]]},